INSERT INTO event_subject (id, name) VALUES (1, 'Alec Garrison');
INSERT INTO event_subject (id, name) VALUES (2, 'Dustin Blevins');
INSERT INTO event_subject (id, name) VALUES (3, 'Tyler Haley');
INSERT INTO event_subject (id, name) VALUES (4, 'Candace Dodson');
INSERT INTO event_subject (id, name) VALUES (5, 'David Tanner');
INSERT INTO event_subject (id, name) VALUES (6, 'Paula Chang');
INSERT INTO event_subject (id, name) VALUES (7, 'Haley Williams');
INSERT INTO event_subject (id, name) VALUES (8, 'Nancy Alvarado');
INSERT INTO event_subject (id, name) VALUES (9, 'Brooke Aguirre');
INSERT INTO event_subject (id, name) VALUES (10, 'Carmen Marshall');
INSERT INTO event_subject (id, name) VALUES (11, 'Hannah Lewis');
INSERT INTO event_subject (id, name) VALUES (12, 'Misty Higgins');
INSERT INTO event_subject (id, name) VALUES (13, 'David Randall');
INSERT INTO event_subject (id, name) VALUES (14, 'Emily Hubbard');
INSERT INTO event_subject (id, name) VALUES (15, 'Lisa Meyer');
INSERT INTO event_subject (id, name) VALUES (16, 'Richard Jones');
INSERT INTO event_subject (id, name) VALUES (17, 'Tiffany Acosta');
INSERT INTO event_subject (id, name) VALUES (18, 'Kelly Hughes');
INSERT INTO event_subject (id, name) VALUES (19, 'Evan Johnson');
INSERT INTO event_subject (id, name) VALUES (20, 'Julia Butler');
INSERT INTO event_subject (id, name) VALUES (21, 'Stephen Wu');
INSERT INTO event_subject (id, name) VALUES (22, 'Richard Poole');
INSERT INTO event_subject (id, name) VALUES (23, 'Samuel Porter');
INSERT INTO event_subject (id, name) VALUES (24, 'Todd Perez');
INSERT INTO event_subject (id, name) VALUES (25, 'Gary Burns');
INSERT INTO event_subject (id, name) VALUES (26, 'Kelly Cole');
INSERT INTO event_subject (id, name) VALUES (27, 'Crystal Dean');
INSERT INTO event_subject (id, name) VALUES (28, 'Janice Cochran');
INSERT INTO event_subject (id, name) VALUES (29, 'Nicholas Harrington');
INSERT INTO event_subject (id, name) VALUES (30, 'Jesus Henry');
INSERT INTO event_subject (id, name) VALUES (31, 'Courtney Savage');
INSERT INTO event_subject (id, name) VALUES (32, 'Louis Castillo');
INSERT INTO event_subject (id, name) VALUES (33, 'Troy Williams');
INSERT INTO event_subject (id, name) VALUES (34, 'Jenny Franklin');
INSERT INTO event_subject (id, name) VALUES (35, 'Valerie Berger');
INSERT INTO event_subject (id, name) VALUES (36, 'Shawn Jimenez');
INSERT INTO event_subject (id, name) VALUES (37, 'Rebecca Jones');
INSERT INTO event_subject (id, name) VALUES (38, 'Ralph Cortez');
INSERT INTO event_subject (id, name) VALUES (39, 'Stephanie Wallace');
INSERT INTO event_subject (id, name) VALUES (40, 'Gary Silva');
INSERT INTO event_subject (id, name) VALUES (41, 'Sharon Sandoval');
INSERT INTO event_subject (id, name) VALUES (42, 'Haley Anderson');
INSERT INTO event_subject (id, name) VALUES (43, 'Erin Jones');
INSERT INTO event_subject (id, name) VALUES (44, 'Wendy Jimenez');
INSERT INTO event_subject (id, name) VALUES (45, 'Amanda Bentley');
INSERT INTO event_subject (id, name) VALUES (46, 'Danielle Wright');
INSERT INTO event_subject (id, name) VALUES (47, 'Kathryn Walker');
INSERT INTO event_subject (id, name) VALUES (48, 'Latoya Robinson');


INSERT INTO event (id, name, description, community_id, volunteer_count, bot, reward, img, event_date, event_subject_id) VALUES (1, 'Kevin Johnson', 'Class smile owner despite design. With what debate card. Total matter western election amount thing over hand.
Seven country whom what. People health manage product way face sometimes.', 10000, 25, 1, 4120, null, '2019-10-03', 1);
INSERT INTO event (id, name, description, community_id, volunteer_count, bot, reward, img, event_date, event_subject_id) VALUES (2, 'Robin Martinez', 'Plant hotel production nice. Eight down position section.
Mouth today get sometimes speech national.
Receive probably baby someone call once trip. Hand camera within hair society simple.', 10045, 27, 0, 9470, null, '2019-10-03', 2);
INSERT INTO event (id, name, description, community_id, volunteer_count, bot, reward, img, event_date, event_subject_id) VALUES (3, 'Kevin Rivas', 'Rate blue forward article. Include beat chance pretty. Consider hospital section call keep because.
You social fish opportunity personal serve federal his. Bank industry pay structure.', 10048, 23, 1, 8370, null, '2019-10-03', 3);
INSERT INTO event (id, name, description, community_id, volunteer_count, bot, reward, img, event_date, event_subject_id) VALUES (4, 'Margaret Flores', 'Health remain near painting teach.
Step success particularly necessary out family clearly. Dark no far blood similar box employee design. Meet scientist development than adult.', 51, 97, 0, 3646, null, '2019-10-03', 4);
INSERT INTO event (id, name, description, community_id, volunteer_count, bot, reward, img, event_date, event_subject_id) VALUES (5, 'Matthew Hampton', 'There fight address else in. Late real while young. Born art speak customer knowledge.
Expect fish prove toward year. His high our.', 10008, 32, 1, 8690, null, '2019-10-03', 5);
INSERT INTO event (id, name, description, community_id, volunteer_count, bot, reward, img, event_date, event_subject_id) VALUES (6, 'Carla David', 'Force heavy rock able move. Then item five myself particular.
Career edge claim good.
Drop data west item second. Up finish this recognize. Beat receive myself blood himself seem.', 10008, 32, 1, 8690, null, '2019-10-03', 6);
INSERT INTO event (id, name, description, community_id, volunteer_count, bot, reward, img, event_date, event_subject_id) VALUES (7, 'Amy Nichols', 'Particular bank difficult not give despite prevent.
Nature nearly dinner we difficult discussion. Road way present girl.
Nation moment job including. Conference air too prepare offer or.', 10008, 32, 1, 8690, null, '2019-10-03', 7);
INSERT INTO event (id, name, description, community_id, volunteer_count, bot, reward, img, event_date, event_subject_id) VALUES (8, 'Nicholas Baker', 'Open project method season development professor middle. Top response take chair gas when begin.
Already check almost concern central. Society get floor significant land.', 10008, 32, 1, 8690, null, '2019-10-03', 8);
INSERT INTO event (id, name, description, community_id, volunteer_count, bot, reward, img, event_date, event_subject_id) VALUES (9, 'Benjamin Wright', 'Establish clearly officer leave people mind. Save trouble floor.
Protect catch tend traditional we. Race however treat traditional church.', 10008, 32, 1, 8690, null, '2019-10-03', 9);
INSERT INTO event (id, name, description, community_id, volunteer_count, bot, reward, img, event_date, event_subject_id) VALUES (10, 'Frank Taylor', 'Drive measure home myself part billion any. Time smile around its budget phone no. Woman year unit them and. Dinner we his data tax.', 10008, 32, 1, 8690, null, '2019-10-03', 10);
INSERT INTO event (id, name, description, community_id, volunteer_count, bot, reward, img, event_date, event_subject_id) VALUES (11, 'William Brown', 'Own talk significant deep situation tend much. Doctor anything character concern catch after executive.', 10008, 32, 1, 8690, null, '2019-10-03', 11);
INSERT INTO event (id, name, description, community_id, volunteer_count, bot, reward, img, event_date, event_subject_id) VALUES (12, 'Scott Parsons', 'Other risk decade heavy cell theory. Media much technology magazine.
Painting TV hotel since. Catch play second others song. Hard recently and television may trial.', 10008, 32, 1, 8690, null, '2019-10-03', 12);
INSERT INTO event (id, name, description, community_id, volunteer_count, bot, reward, img, event_date, event_subject_id) VALUES (13, 'Elizabeth Norman MD', 'Shoulder establish detail free. Free example no group another measure within. Particularly station early law focus. Per on notice probably interview.
Really professional a responsibility purpose.', 10008, 32, 1, 8690, null, '2019-10-03', 13);
INSERT INTO event (id, name, description, community_id, volunteer_count, bot, reward, img, event_date, event_subject_id) VALUES (14, 'Justin Smith', 'Million fund special ahead along offer. Song class include take.
Be population thought. Able door later husband pretty.', 10008, 32, 1, 8690, null, '2019-10-03', 14);
INSERT INTO event (id, name, description, community_id, volunteer_count, bot, reward, img, event_date, event_subject_id) VALUES (15, 'Stanley Cole', 'Middle vote foreign ago analysis community drive. True high himself whatever agent power. Light agree government. Common computer boy team hair.', 10008, 32, 1, 8690, null, '2019-10-03', 15);
INSERT INTO event (id, name, description, community_id, volunteer_count, bot, reward, img, event_date, event_subject_id) VALUES (16, 'Julie Anderson', 'Actually idea again hard art everything college.
Thing ten born about determine worker. Man fund investment close fall claim.
Nature time child of anyone.', 10008, 32, 1, 8690, null, '2019-10-03', 16);
INSERT INTO event (id, name, description, community_id, volunteer_count, bot, reward, img, event_date, event_subject_id) VALUES (17, 'Erin Gilbert', 'Doctor order throw. Name bar end street. View training fact try.
Debate bank arm last. Billion single maybe under necessary into. Agree remember after stay seem challenge attack north.', 10008, 32, 1, 8690, null, '2019-10-03', 17);
INSERT INTO event (id, name, description, community_id, volunteer_count, bot, reward, img, event_date, event_subject_id) VALUES (18, 'Nicholas Mitchell', 'Social nation important. Type father thing to moment technology scene.
Project art teach force. Together change human recently trouble where. Always explain different stuff ten own prove.', 10008, 32, 1, 8690, null, '2019-10-03', 18);
INSERT INTO event (id, name, description, community_id, volunteer_count, bot, reward, img, event_date, event_subject_id) VALUES (19, 'Amy Martinez', 'Once message worker happen finally respond hold. Gas leave else. Drive those fly specific whom.
Beyond medical fear box. Mother article look often safe information writer. Data oil who PM.', 10008, 32, 1, 8690, null, '2019-10-03', 19);
INSERT INTO event (id, name, description, community_id, volunteer_count, bot, reward, img, event_date, event_subject_id) VALUES (20, 'Phillip Koch', 'Guy board whatever feeling cost method. Stand end follow human government see issue. Onto official start then allow.', 10008, 32, 1, 8690, null, '2019-10-03', 20);
INSERT INTO event (id, name, description, community_id, volunteer_count, bot, reward, img, event_date, event_subject_id) VALUES (21, 'Pamela Kim', 'Machine set general anything member window. Anything face base second. Blue late research plan resource present project.
Parent beyond add age old teacher born. Age figure politics.', 10008, 32, 1, 8690, null, '2019-10-03', 21);
INSERT INTO event (id, name, description, community_id, volunteer_count, bot, reward, img, event_date, event_subject_id) VALUES (22, 'David Santiago', 'Half main education appear rich decide. News own care plan.
Late model begin go your choose coach. Less store truth decide card pay. Mission voice she feeling least class early minute.', 10008, 32, 1, 8690, null, '2019-10-03', 22);
INSERT INTO event (id, name, description, community_id, volunteer_count, bot, reward, img, event_date, event_subject_id) VALUES (23, 'Jennifer Lewis', 'Center cup look adult factor security. Thought road stay recent democratic stand. Mrs television product family.', 10008, 32, 1, 8690, null, '2019-10-03', 23);
INSERT INTO event (id, name, description, community_id, volunteer_count, bot, reward, img, event_date, event_subject_id) VALUES (24, 'Vincent Perez', 'Pressure head hundred investment hospital seat term. Than conference present but scene report. This with site five nearly organization step coach.', 10008, 32, 1, 8690, null, '2019-10-03', 24);
INSERT INTO event (id, name, description, community_id, volunteer_count, bot, reward, img, event_date, event_subject_id) VALUES (25, 'Keith Miller', 'Soldier artist mean song too trouble phone. Since price order technology. While face power personal player.
Pick gun subject share. Never tell idea attention here have may.', 10008, 32, 1, 8690, null, '2019-10-03', 25);
INSERT INTO event (id, name, description, community_id, volunteer_count, bot, reward, img, event_date, event_subject_id) VALUES (26, 'Colin Day', 'Thousand next financial fill strong forget. Media stage feel finish them reveal. Key floor key reality side find.
Force need water material that. Present effort add home give.', 30, 58, 0, 5574, null, '2019-10-03', 26);
INSERT INTO event (id, name, description, community_id, volunteer_count, bot, reward, img, event_date, event_subject_id) VALUES (27, 'Joshua Reed', 'The get author happen hand power he. Trip day check again record. Almost people right language wall finish PM.', 10043, 30, 1, 4210, null, '2019-10-03', 27);
INSERT INTO event (id, name, description, community_id, volunteer_count, bot, reward, img, event_date, event_subject_id) VALUES (28, 'James Harris', 'Business high reveal save list. Organization return phone many. Outside firm wait break hold world.', 10043, 30, 1, 4210, null, '2019-10-03', 28);
INSERT INTO event (id, name, description, community_id, volunteer_count, bot, reward, img, event_date, event_subject_id) VALUES (29, 'Vanessa Robinson', 'Soon increase vote us ahead serious. Fear idea successful staff main.
Election increase doctor past.
Measure boy small somebody time. Boy land open surface like ready.', 10043, 30, 1, 4210, null, '2019-10-03', 29);
INSERT INTO event (id, name, description, community_id, volunteer_count, bot, reward, img, event_date, event_subject_id) VALUES (30, 'Mr. Paul Reynolds', 'Herself spend difference hope how often. Response machine west leave recognize rock. Performance score start standard catch name both.', 10043, 30, 1, 4210, null, '2019-10-03', 30);
INSERT INTO event (id, name, description, community_id, volunteer_count, bot, reward, img, event_date, event_subject_id) VALUES (31, 'Sara Hunt', 'Son trial write represent trouble use. Well real model suggest. Growth let decide stage others plan. Hold police citizen learn.', 10043, 30, 1, 4210, null, '2019-10-03', 31);
INSERT INTO event (id, name, description, community_id, volunteer_count, bot, reward, img, event_date, event_subject_id) VALUES (32, 'Melissa Sutton', 'Top common school hospital fact. Hard hear better itself bit yourself. Growth shake ready small stay indicate.
Thus country tree raise. Plan production enough answer price.', 10043, 30, 1, 4210, null, '2019-10-03', 32);
INSERT INTO event (id, name, description, community_id, volunteer_count, bot, reward, img, event_date, event_subject_id) VALUES (33, 'William Turner', 'Ten likely hear floor able. Itself girl wall if how avoid she air.
Interview nice upon recognize new image. Heavy treat bill according blue citizen.', 10043, 30, 1, 4210, null, '2019-10-03', 33);
INSERT INTO event (id, name, description, community_id, volunteer_count, bot, reward, img, event_date, event_subject_id) VALUES (34, 'Cindy Warren', 'Impact book able right. Seem strategy whom course understand baby. Politics green my us write indicate.', 10043, 30, 1, 4210, null, '2019-10-03', 34);
INSERT INTO event (id, name, description, community_id, volunteer_count, bot, reward, img, event_date, event_subject_id) VALUES (35, 'Jeffrey Jones', 'Car rather begin strong. While American health leave population everybody.', 10043, 30, 1, 4210, null, '2019-10-03', 35);
INSERT INTO event (id, name, description, community_id, volunteer_count, bot, reward, img, event_date, event_subject_id) VALUES (36, 'Teresa Bradley', 'Kid and property air movement. Stop across agreement subject change will.', 10043, 30, 1, 4210, null, '2019-10-03', 36);
INSERT INTO event (id, name, description, community_id, volunteer_count, bot, reward, img, event_date, event_subject_id) VALUES (37, 'Shelby Lopez', 'But structure consumer. Do court he hotel speech experience idea imagine. Effort thousand it break.', 10043, 30, 1, 4210, null, '2019-10-03', 37);
INSERT INTO event (id, name, description, community_id, volunteer_count, bot, reward, img, event_date, event_subject_id) VALUES (38, 'Haley Tyler', 'Knowledge task economic recognize through. Member collection worry woman not inside doctor.', 10043, 30, 1, 4210, null, '2019-10-03', 38);
INSERT INTO event (id, name, description, community_id, volunteer_count, bot, reward, img, event_date, event_subject_id) VALUES (39, 'Christopher Dominguez', 'Town name red end own. Somebody alone common think. Window girl watch attention meeting human yourself quickly. Old check us remember affect bank five example.
Measure direction image hope.', 10043, 30, 1, 4210, null, '2019-10-03', 39);
INSERT INTO event (id, name, description, community_id, volunteer_count, bot, reward, img, event_date, event_subject_id) VALUES (40, 'James Chapman', 'Left nor executive economic.
Best service think nothing. Better indicate always. They bed candidate treatment notice large support high.', 10043, 30, 1, 4210, null, '2019-10-03', 40);
INSERT INTO event (id, name, description, community_id, volunteer_count, bot, reward, img, event_date, event_subject_id) VALUES (41, 'Michele Scott', 'Artist bank available world pass. Position speech audience significant last. Key write purpose each also own.
New writer well close city health. Leader capital dog.', 10043, 30, 1, 4210, null, '2019-10-03', 41);
INSERT INTO event (id, name, description, community_id, volunteer_count, bot, reward, img, event_date, event_subject_id) VALUES (42, 'Jennifer Dixon', 'Front today find western line. Rather nice light early.
Truth science according item collection beat plant. Door fact evidence under gun do above.
Option their medical. Speech radio speak kind.', 10043, 30, 1, 4210, null, '2019-10-03', 42);
INSERT INTO event (id, name, description, community_id, volunteer_count, bot, reward, img, event_date, event_subject_id) VALUES (43, 'Cynthia Allen', 'Democratic enjoy number amount majority. Recently myself name as.
Significant parent fear store better without tough. Like senior factor each government.', 10043, 30, 1, 4210, null, '2019-10-03', 43);
INSERT INTO event (id, name, description, community_id, volunteer_count, bot, reward, img, event_date, event_subject_id) VALUES (44, 'Dr. April Walker', 'Point high adult.
Near medical similar term remember present. Home house building television quickly audience. Later daughter respond.', 10043, 30, 1, 4210, null, '2019-10-03', 44);
INSERT INTO event (id, name, description, community_id, volunteer_count, bot, reward, img, event_date, event_subject_id) VALUES (45, 'Nicholas Kane', 'Idea benefit card region occur out. Meeting treat sense. Chair pressure firm commercial task. Energy per first once.
School serious seem really look. Air large shake something.', 10043, 30, 1, 4210, null, '2019-10-03', 45);
INSERT INTO event (id, name, description, community_id, volunteer_count, bot, reward, img, event_date, event_subject_id) VALUES (46, 'Laura Rogers', 'Point begin respond ago car. Reason including out resource. Yourself though by.', 10043, 30, 1, 4210, null, '2019-10-03', 46);
INSERT INTO event (id, name, description, community_id, volunteer_count, bot, reward, img, event_date, event_subject_id) VALUES (47, 'David Smith', 'Indeed network data boy weight. Fact middle reveal. Hold strong ahead point past.
Gas continue others protect week gas. Produce dog charge prepare event. Ready summer our place firm push.', 10043, 30, 1, 4210, null, '2019-10-03', 47);
INSERT INTO event (id, name, description, community_id, volunteer_count, bot, reward, img, event_date, event_subject_id) VALUES (48, 'David Cox', 'Oil establish certainly meet. History business reach I old many alone. Response explain response focus.', 10028, 23, 1, 1200, null, '2019-10-03', 48);


INSERT INTO volunteer (id, vk_id) VALUES (1, '1516');
INSERT INTO volunteer (id, vk_id) VALUES (2, '1513');
INSERT INTO volunteer (id, vk_id) VALUES (3, '1582');
INSERT INTO volunteer (id, vk_id) VALUES (4, '1510');
INSERT INTO volunteer (id, vk_id) VALUES (5, '1026');
INSERT INTO volunteer (id, vk_id) VALUES (6, '234234234');


INSERT INTO volunteer_event (volunteer_id, event_id) VALUES (2, 1);
INSERT INTO volunteer_event (volunteer_id, event_id) VALUES (3, 2);
INSERT INTO volunteer_event (volunteer_id, event_id) VALUES (4, 3);
INSERT INTO volunteer_event (volunteer_id, event_id) VALUES (5, 48);
INSERT INTO volunteer_event (volunteer_id, event_id) VALUES (6, 8);


